Dataset	Number of pocket pairs	Number of positive pocket pairs	Proportion of similar pocket pairs
P1	106276	13430	0.12636907674357334
P1.2	2025	241	0.11901234567901235
P2	108241	7729	0.07140547482007742
P3	26860	13430	0.5
P4	26860	13430	0.5
P5	6400	920	0.14375
P5.2	10000	1320	0.132
P7	56399	115	0.0020390432454476144
